id,Nombre,apellido,precio,codigo de vuelo,tipo de pasajero,estado de vuelo
1,Lou,González,10000.000000,BA2491A,1,4
2,Ulrike,Muñoz,25000.000000,IB0800A,1,4
3,Brade,Rojas,20000.000000,MM0987B,1,5
4,Kimbell,Díaz,50000.000000,BA2491A,1,4
5,Sheelagh,Pérez,18000.000000,IB0800A,1,4
6,Gayle,Soto,30000.000000,MM0987B,1,5
7,Kimberlee,Contreras,33000.000000,BA2491A,1,4
8,Henrieta,Silva,30000.000000,IB0800A,1,4
9,Jeanine,Martínez,18000.000000,MM0987B,1,5
10,Aggie,Sepúlveda,15000.000000,BA2491A,1,4
11,Brandea,Morales,15000.000000,IB0800A,1,4
12,Cordelie,Rodríguez,50000.000000,IB0800A,1,4
13,Shel,López,50000.000000,MM0987B,1,5
14,Bronnie,Fuentes,20000.000000,MM0987B,1,5
15,Megen,Hernández,10000.000000,BA2491A,1,4
16,Iver,Torres,12000.000000,BA2491A,1,4
17,Ernesta,Araya,37000.000000,BA2491A,1,4
18,Cirillo,Flores,50000.000000,MM0987B,1,5
19,Park,Espinoza,30000.000000,MM0987B,1,5
20,Bellanca,Valenzuela,15000.000000,BA2491A,1,4
21,Bobbye,Castillo,15000.000000,BA2491A,1,4
22,Eugene,Tapia,50000.000000,BA2491A,1,4
23,Johnny,Reyes,33000.000000,MM0987B,1,5
24,Reagen,Gutiérrez,42000.000000,MM0987B,1,5
25,Braden,Castro,25000.000000,MM0987B,1,5
26,Karim,Pizarro,25000.000000,MM0987B,1,5
27,Anthea,Álvarez,42000.000000,MM0987B,1,5
28,Doro,Vásquez,33000.000000,IB0800A,1,4
29,Gaye,Sánchez,37000.000000,IB0800A,1,4
30,Toby,Fernández,15000.000000,IB0800A,1,4
31,Franny,Ramírez,15000.000000,IB0800A,1,4
32,Katey,Carrasco,42000.000000,MM0987B,1,5
33,Earle,Gómez,10000.000000,BA2491A,1,4
34,Redd,Cortés,42000.000000,BA2491A,1,4
35,Jehanna,Herrera,50000.000000,BA2491A,1,4
36,Cristie,Núñez,10000.000000,BA2491A,1,4
37,Stefa,Jara,42000.000000,BA2491A,1,4
38,Roda,Vergara,25000.000000,MM0987B,1,5
39,Alfredo,Rivera,10000.000000,MM0987B,1,5
40,Sydney,Figueroa,10000.000000,MM0987B,1,5
41,Brnaba,Riquelme,30000.000000,MM0987B,1,5
42,Ame,García,50000.000000,BA2491A,2,4
43,Bradney,Miranda,25000.000000,BA2491A,2,4
44,Margarete,Bravo,50000.000000,BA2491A,2,4
45,Nikoletta,Vera,50000.000000,MM0987B,1,5
46,Lonnard,Molina,50000.000000,IB0800A,1,4
47,Raine,Vega,30000.000000,IB0800A,1,4
48,Noella,Campos,15000.000000,IB0800A,1,4
49,Dagmar,Sandoval,25000.000000,IB0800A,1,4
50,Carroll,Orellana,42000.000000,IB0800A,1,4
51,Marion,Cárdenas,50000.000000,IB0800A,1,4
52,Carline,Olivares,12000.000000,IB0800A,1,4
53,Hyacinthie,Alarcón,15000.000000,MM0987B,1,5
54,Julina,Gallardo,33000.000000,MM0987B,1,5
55,Corina,Ortiz,37000.000000,MM0987B,1,5
56,Bernardine,Garrido,33000.000000,MM0987B,1,5
57,Homer,Salazar,18000.000000,MM0987B,1,5
58,Lianna,Guzmán,12000.000000,MM0987B,1,5
59,Celene,Henríquez,50000.000000,MM0987B,1,5
60,Kori,Saavedra,50000.000000,MM0987B,1,5
61,Deeyn,Navarro,20000.000000,MM0987B,1,5
62,Marysa,Aguilera,20000.000000,MM0987B,1,5
63,Loy,Parra,15000.000000,MM0987B,1,5
64,Gabbey,Romero,37000.000000,MM0987B,1,5
65,Star,Aravena,33000.000000,MM0987B,1,5
66,Dominica,Vargas,33000.000000,IB0800A,1,4
67,Blanch,Vázquez,15000.000000,IB0800A,1,4
68,Cristobal,Cáceres,15000.000000,IB0800A,1,4
69,Paulita,Yáñez,50000.000000,IB0800A,1,4
70,Sayre,Leiva,33000.000000,IB0800A,1,4
71,Shaughn,Escobar,15000.000000,IB0800A,1,4
72,Katrine,Ruiz,25000.000000,IB0800A,1,4
73,Cristi,Valdés,42000.000000,IB0800A,1,4
74,Cristie,Vidal,25000.000000,IB0800A,2,4
75,Solomon,Salinas,10000.000000,IB0800A,2,4
76,Nananne,Zúñiga,33000.000000,IB0800A,2,4
77,Sacha,Peña,25000.000000,IB0800A,2,4
78,Morse,Godoy,25000.000000,IB0800A,2,4
79,Roland,Lagos,25000.000000,IB0800A,2,4
80,Jesselyn,Maldonado,30000.000000,IB0800A,2,4
81,Kylila,Bustos,12000.000000,IB0800A,2,4
82,Kendre,Medina,25000.000000,IB0800A,2,4
83,Lesya,Pino,15000.000000,IB0800A,2,4
84,Tatiania,Palma,20000.000000,IB0800A,2,4
85,Trenton,Moreno,12000.000000,IB0800A,2,4
86,Angie,Sanhueza,20000.000000,MM0987B,1,5
87,Joelle,Carvajal,37000.000000,MM0987B,1,5
88,George,Navarrete,30000.000000,MM0987B,2,5
89,Guenevere,Sáez,30000.000000,MM0987B,2,5
90,Margaretha,Alvarado,10000.000000,MM0987B,2,5
91,Sully,Donoso,15000.000000,MM0987B,2,5
92,Lonni,Poblete,50000.000000,MM0987B,2,5
93,Nicky,Bustamante,42000.000000,MM0987B,2,5
94,My,Toro,18000.000000,MM0987B,2,5
95,Kyrstin,Ortega,37000.000000,IB0800A,2,4
96,Martino,Venegas,15000.000000,IB0800A,2,4
97,Marcellus,Guerrero,50000.000000,IB0800A,2,4
98,Jacquelin,Mendoza,30000.000000,IB0800A,2,4
99,Aleda,Farías,50000.000000,IB0800A,2,4
100,Georgeta,San Martín,10000.000000,IB0800A,2,4
101,Marcille,González,10000.000000,IB0800A,2,4
102,Ertha,Fernández,10000.000000,IB0800A,2,4
103,Desiri,Rodríguez,25000.000000,MM0987B,2,5
104,Geneva,López,33000.000000,MM0987B,2,5
105,Kilian,Martínez,42000.000000,MM0987B,2,5
106,Nance,Sánchez,10000.000000,MM0987B,2,5
107,Gaven,Pérez,10000.000000,MM0987B,2,5
108,Carlie,Gómez,10000.000000,MM0987B,2,5
109,Trixie,Martín,42000.000000,IB0800A,2,4
110,Dominick,Jiménez,30000.000000,IB0800A,2,4
111,Petey,Ruiz,15000.000000,IB0800A,2,4
112,Tersina,Hernández,30000.000000,IB0800A,2,4
113,Johnathon,Díaz,15000.000000,IB0800A,2,4
114,Freddie,Moreno,12000.000000,IB0800A,2,4
115,Harmon,Álvarez,50000.000000,IB0800A,2,4
116,Tracey,Muñoz,20000.000000,IB0800A,2,4
117,Cherrita,Romero,33000.000000,MM0987B,2,5
118,Stu,Alonso,12000.000000,MM0987B,2,5
119,Glenda,Gutiérrez,37000.000000,MM0987B,2,5
120,Lorettalorna,Navarro,25000.000000,MM0987B,2,5
121,Patrizio,Torres,15000.000000,IB0800A,2,4
122,Linda,Domínguez,30000.000000,IB0800A,2,4
123,Pippa,Vázquez,20000.000000,IB0800A,2,4
124,Pen,Ramos,18000.000000,IB0800A,3,4
125,Esteban,González,15000.000000,IB0800A,3,4
126,Fonzie,Muñoz,15000.000000,IB0800A,3,4
127,Cindelyn,Rojas,12000.000000,IB0800A,3,4
128,Zacharie,Díaz,30000.000000,BA2491A,2,4
129,Vina,Pérez,42000.000000,BA2491A,2,4
130,Omero,Soto,10000.000000,BA2491A,2,4
131,Tom,Contreras,33000.000000,BA2491A,2,4
132,Dante,Silva,30000.000000,BA2491A,2,4
133,Cordy,Martínez,18000.000000,BA2491A,2,4
134,Stephenie,Sepúlveda,50000.000000,BA2491A,2,4
135,Dunstan,Morales,20000.000000,BA2491A,2,4
136,Gideon,Rodríguez,15000.000000,BA2491A,2,4
137,Johnette,López,10000.000000,BA2491A,2,4
138,Brynn,Fuentes,50000.000000,BA2491A,2,4
139,Yankee,Hernández,42000.000000,BA2491A,2,4
140,Corbin,Torres,42000.000000,BA2491A,2,4
141,Coreen,Araya,18000.000000,IB0800A,3,4
142,Tanya,Flores,30000.000000,IB0800A,3,4
143,Jenna,Espinoza,25000.000000,IB0800A,3,4
144,Flora,Valenzuela,33000.000000,IB0800A,3,4
145,Dianna,Castillo,20000.000000,IB0800A,3,4
146,Armand,Tapia,15000.000000,IB0800A,3,4
147,Gustie,Reyes,42000.000000,IB0800A,3,4
148,Benton,Gutiérrez,12000.000000,IB0800A,3,4
149,Lena,Castro,25000.000000,IB0800A,3,4
150,Dot,Pizarro,18000.000000,IB0800A,3,4
151,Meryl,Álvarez,12000.000000,IB0800A,3,4
152,Babbie,Vásquez,15000.000000,IB0800A,3,4
153,Byram,Sánchez,42000.000000,IB0800A,3,4
154,Bertine,Fernández,25000.000000,IB0800A,3,4
155,Osbert,Ramírez,42000.000000,IB0800A,3,4
156,Tanny,Carrasco,42000.000000,IB0800A,3,4
157,Maryjo,Gómez,12000.000000,IB0800A,3,4
158,Clarie,Cortés,42000.000000,IB0800A,3,4
159,Kipp,Herrera,15000.000000,IB0800A,3,4
160,Leonie,Núñez,50000.000000,IB0800A,3,4
161,Ferdie,Jara,15000.000000,IB0800A,3,4
162,Ofella,Vergara,50000.000000,IB0800A,3,4
163,Pascale,Rivera,15000.000000,IB0800A,3,4
164,Cathrin,Figueroa,30000.000000,IB0800A,3,4
165,Sib,Riquelme,33000.000000,IB0800A,3,4
166,Darleen,García,42000.000000,IB0800A,3,4
167,Didi,Miranda,15000.000000,IB0800A,3,4
168,Lodovico,Bravo,18000.000000,IB0800A,3,4
169,Farley,Vera,12000.000000,IB0800A,3,4
170,Devi,Molina,25000.000000,IB0800A,3,4
171,Clair,Vega,37000.000000,IB0800A,3,4
172,Addy,Campos,33000.000000,IB0800A,3,4
173,Brandon,Sandoval,18000.000000,IB0800A,3,4
174,Prentiss,Orellana,30000.000000,IB0800A,3,4
175,Lorant,Cárdenas,50000.000000,MM0987B,2,5
176,Wanids,Olivares,30000.000000,MM0987B,2,5
177,Robbi,Alarcón,10000.000000,MM0987B,2,5
178,Mellicent,Gallardo,50000.000000,MM0987B,2,5
179,Lynea,Ortiz,20000.000000,MM0987B,2,5
180,Nial,Garrido,15000.000000,MM0987B,2,5
181,Guillaume,Salazar,37000.000000,MM0987B,2,5
182,Loutitia,Guzmán,25000.000000,MM0987B,2,5
183,Ruthe,Henríquez,30000.000000,MM0987B,2,5
184,Eric,Saavedra,50000.000000,MM0987B,2,5
185,Marcellus,Navarro,30000.000000,MM0987B,2,5
186,Ian,Aguilera,42000.000000,MM0987B,2,5
187,Sebastien,Parra,37000.000000,MM0987B,2,5
188,Scarface,Romero,50000.000000,MM0987B,2,5
189,Maible,Aravena,18000.000000,MM0987B,2,5
190,Waldon,Vargas,30000.000000,MM0987B,2,5
191,Bethina,Vázquez,15000.000000,MM0987B,2,5
192,Farand,Cáceres,42000.000000,MM0987B,2,5
193,Zolly,Yáñez,25000.000000,MM0987B,2,5
194,Philipa,Leiva,42000.000000,TU6789B,1,4
195,Roderigo,Escobar,20000.000000,BA2491A,2,4
196,Otho,Ruiz,20000.000000,BA2491A,2,4
197,Alasteir,Valdés,20000.000000,BA2491A,2,4
198,Eleonora,Vidal,42000.000000,BA2491A,3,4
199,Eliot,Salinas,12000.000000,BA2491A,3,4
200,Alana,Zúñiga,30000.000000,BA2491A,3,4
201,Odey,Peña,20000.000000,BA2491A,3,4
202,Yorke,Godoy,15000.000000,BA2491A,3,4
203,Cissiee,Lagos,18000.000000,BA2491A,3,4
204,Jillana,Maldonado,18000.000000,BA2491A,3,4
205,Mallorie,Bustos,30000.000000,TU6789B,1,4
206,Borden,Medina,12000.000000,TU6789B,1,4
207,Maddie,Pino,33000.000000,TU6789B,1,4
208,Weider,Palma,50000.000000,TU6789B,1,4
209,Asia,Moreno,37000.000000,TU6789B,1,4
210,Sayres,Sanhueza,10000.000000,TU6789B,1,4
211,Marcile,Carvajal,30000.000000,TU6789B,1,4
212,Thomasina,Navarrete,42000.000000,TU6789B,1,4
213,Darwin,Sáez,18000.000000,TU6789B,1,4
214,Nicolina,Alvarado,30000.000000,TU6789B,1,4
215,Nita,Donoso,12000.000000,TU6789B,1,4
216,Nikoletta,Poblete,12000.000000,TU6789B,1,4
217,Dwight,Bustamante,42000.000000,TU6789B,1,4
218,Romola,Toro,50000.000000,TU6789B,1,4
219,Kaile,Ortega,33000.000000,TU6789B,1,4
220,Mozes,Venegas,25000.000000,TU6789B,1,4
221,Aylmer,Guerrero,33000.000000,TU6789B,1,4
222,Marina,Mendoza,12000.000000,TU6789B,1,4
223,Enrico,Farías,50000.000000,TU6789B,1,4
224,Zonda,San Martín,33000.000000,TU6789B,1,4
225,Adriano,González,33000.000000,TU6789B,1,4
226,Trula,Fernández,30000.000000,TU6789B,1,4
227,Adel,Rodríguez,30000.000000,TU6789B,1,4
228,Jeniece,López,15000.000000,TU6789B,1,4
229,Tabina,Martínez,10000.000000,TU6789B,1,4
230,Liana,Sánchez,33000.000000,TU6789B,1,4
231,Marmaduke,Pérez,10000.000000,BA2491A,3,4
232,Alla,Gómez,30000.000000,BA2491A,3,4
233,Peter,Martín,12000.000000,BA2491A,3,4
234,Pietro,Jiménez,18000.000000,BA2491A,3,4
235,Hiram,Ruiz,20000.000000,BA2491A,3,4
236,Anastasia,Hernández,18000.000000,BA2491A,3,4
237,Cathleen,Díaz,10000.000000,TU6789B,1,4
238,Leeanne,Moreno,15000.000000,TU6789B,1,4
239,Chet,Álvarez,42000.000000,TU6789B,1,4
240,Billie,Muñoz,37000.000000,TU6789B,1,4
241,Alexandra,Romero,42000.000000,TU6789B,1,4
242,Broddie,Alonso,42000.000000,TU6789B,2,4
243,Brigham,Gutiérrez,25000.000000,TU6789B,2,4
244,Cal,Navarro,42000.000000,TU6789B,2,4
245,Donal,Torres,18000.000000,TU6789B,2,4
246,Adam,Domínguez,20000.000000,TU6789B,2,4
247,Dotty,Vázquez,42000.000000,TU6789B,2,4
248,Maynard,Ramos,18000.000000,TU6789B,2,4
249,Jessee,González,30000.000000,TU6789B,2,4
250,Tiphani,Muñoz,42000.000000,TU6789B,2,4
251,Jenna,Rojas,30000.000000,TU6789B,2,4
252,Karlotte,Díaz,20000.000000,BA2491A,3,4
253,Norene,Pérez,25000.000000,BA2491A,3,4
254,Morris,Soto,10000.000000,BA2491A,3,4
255,Yuri,Contreras,25000.000000,BA2491A,3,4
256,Gusty,Silva,10000.000000,BA2491A,3,4
257,Jori,Martínez,12000.000000,BA2491A,3,4
258,Sydelle,Sepúlveda,30000.000000,BA2491A,3,4
259,Merrile,Morales,50000.000000,BA2491A,3,4
260,Tadd,Rodríguez,50000.000000,TU6789B,2,4
261,Josiah,López,10000.000000,TU6789B,2,4
262,Melisa,Fuentes,12000.000000,TU6789B,2,4
263,Orelee,Hernández,20000.000000,TU6789B,2,4
264,Stephen,Torres,37000.000000,TU6789B,2,4
265,Blair,Araya,50000.000000,TU6789B,2,4
266,Arel,Flores,30000.000000,TU6789B,2,4
267,Abbie,Espinoza,25000.000000,TU6789B,2,4
268,Channa,Valenzuela,50000.000000,TU6789B,2,4
269,Shirl,Castillo,20000.000000,TU6789B,2,4
270,Edlin,Tapia,20000.000000,TU6789B,2,4
271,Larina,Reyes,18000.000000,TU6789B,2,4
272,Duncan,Gutiérrez,37000.000000,TU6789B,2,4
273,Bond,Castro,10000.000000,TU6789B,2,4
274,Dyann,Pizarro,50000.000000,TU6789B,2,4
275,Charmian,Álvarez,15000.000000,TU6789B,2,4
276,Dru,Vásquez,50000.000000,TU6789B,2,4
277,Kiel,Sánchez,50000.000000,TU6789B,2,4
278,Emory,Fernández,15000.000000,TU6789B,2,4
279,Alberik,Ramírez,50000.000000,TU6789B,2,4
280,Koenraad,Carrasco,20000.000000,TU6789B,2,4
281,Rafaellle,Gómez,50000.000000,TU6789B,2,4
282,Edie,Cortés,25000.000000,TU6789B,2,4
283,Osbert,Herrera,15000.000000,TU6789B,2,4
284,Sidonia,Núñez,10000.000000,TU6789B,2,4
285,Bartel,Jara,37000.000000,TU6789B,2,4
286,Jodi,Vergara,30000.000000,BA2491A,3,4
287,Ofelia,Rivera,30000.000000,BA2491A,3,4
288,Dudley,Figueroa,42000.000000,BA2491A,3,4
289,Dulcea,Riquelme,25000.000000,BA2491A,3,4
290,Gordon,García,25000.000000,BA2491A,3,4
291,Chalmers,Miranda,10000.000000,BA2491A,3,4
292,Christiano,Bravo,50000.000000,BA2491A,3,4
293,Russell,Vera,50000.000000,BA2491A,3,4
294,Cleo,Molina,50000.000000,BA2491A,3,4
295,Catriona,Vega,42000.000000,TU6789B,2,4
296,Leigh,Campos,37000.000000,TU6789B,2,4
297,Ddene,Sandoval,12000.000000,TU6789B,2,4
298,Sayre,Orellana,18000.000000,TU6789B,3,4
299,Jody,Cárdenas,33000.000000,TU6789B,3,4
300,Zabrina,Olivares,12000.000000,TU6789B,3,4
301,Cos,Alarcón,30000.000000,TU6789B,3,4
302,Ron,Gallardo,20000.000000,TU6789B,3,4
303,Charin,Ortiz,12000.000000,TU6789B,3,4
304,Coleman,Garrido,33000.000000,TU6789B,3,4
305,Jacinda,Salazar,50000.000000,TU6789B,3,4
306,Silvan,Guzmán,12000.000000,TU6789B,3,4
307,Renie,Henríquez,33000.000000,TU6789B,3,4
308,Davide,Saavedra,42000.000000,TU6789B,3,4
309,Ernestus,Navarro,12000.000000,TU6789B,3,4
310,Brnaba,Aguilera,37000.000000,TU6789B,3,4
311,Tabor,Parra,37000.000000,TU6789B,3,4
312,Lenci,Romero,42000.000000,TU6789B,3,4
313,Franchot,Aravena,12000.000000,TU6789B,3,4
314,Charisse,Vargas,50000.000000,TU6789B,3,4
315,Timothea,Vázquez,20000.000000,TU6789B,3,4
316,Angelika,Cáceres,50000.000000,BA2491A,3,4
317,Web,Yáñez,37000.000000,BA2491A,3,4
318,Urban,Leiva,10000.000000,BA2491A,3,4
319,Fan,Escobar,18000.000000,BA2491A,3,4
320,Donaugh,Ruiz,12000.000000,BA2491A,3,4
321,Wilona,Valdés,25000.000000,BA2491A,3,4
322,Richard,Vidal,42000.000000,BA2491A,3,4
323,Hilary,Salinas,37000.000000,BA2491A,3,4
324,Ad,Zúñiga,33000.000000,BA2491A,3,4
325,Maynord,Peña,42000.000000,BA2491A,3,4
326,Lina,Godoy,12000.000000,TU6789B,3,4
327,Nerty,Lagos,20000.000000,TU6789B,3,4
328,Matias,Maldonado,33000.000000,TU6789B,3,4
329,Urbano,Bustos,50000.000000,TU6789B,3,4
330,Rosemarie,Medina,33000.000000,TU6789B,3,4
331,Booth,Pino,15000.000000,TU6789B,3,4
332,Eden,Palma,18000.000000,TU6789B,3,4
333,Cornie,Moreno,15000.000000,TU6789B,3,4
334,Isak,Sanhueza,20000.000000,TU6789B,3,4
335,Rand,Carvajal,20000.000000,TU6789B,3,4
336,Dominique,Navarrete,37000.000000,TU6789B,3,4
337,Lira,Sáez,30000.000000,TU6789B,3,4
338,Filbert,Alvarado,20000.000000,TU6789B,3,4
339,Nona,Donoso,30000.000000,TU6789B,3,4
340,Melloney,Poblete,33000.000000,TU6789B,3,4
341,Rafaello,Bustamante,37000.000000,TU6789B,3,4
342,Floria,Toro,12000.000000,TU6789B,3,4
343,Johannes,Ortega,18000.000000,TU6789B,3,4
344,Genevra,Venegas,10000.000000,TU6789B,3,4
345,Aldric,Guerrero,50000.000000,TU6789B,3,4
346,Janeta,Mendoza,10000.000000,TU6789B,3,4
347,Tarra,Farías,12000.000000,TU6789B,3,4
348,Jefferey,San Martín,33000.000000,TU6789B,3,4
349,Cassie,González,50000.000000,TU6789B,3,4
350,Maiga,Fernández,20000.000000,TU6789B,3,4
351,Heddi,Rodríguez,20000.000000,TU6789B,3,4
352,Marieann,López,50000.000000,TU6789B,3,4
353,Carita,Martínez,42000.000000,TU6789B,3,4
354,Kurtis,Sánchez,50000.000000,TU6789B,3,4
355,Wilfred,Pérez,20000.000000,TU6789B,3,4
356,Isabelle,Gómez,20000.000000,TU6789B,3,4
357,Nisse,Martín,37000.000000,TU6789B,3,4
358,Ula,Jiménez,50000.000000,TU6789B,3,4
359,Tully,Ruiz,18000.000000,TU6789B,3,4
360,Honor,Hernández,30000.000000,TU6789B,3,4
361,Sinclair,Díaz,50000.000000,TU6789B,3,4
362,Buddy,Moreno,50000.000000,TU6789B,3,4
363,Neilla,Álvarez,50000.000000,TU6789B,3,4
364,Junie,Muñoz,20000.000000,TU6789B,3,4
365,Neely,Romero,20000.000000,TU6789B,3,4
366,Klarrisa,Alonso,18000.000000,TU6789B,3,4
367,Maryellen,Gutiérrez,37000.000000,TU6789B,3,4
368,Clywd,Navarro,33000.000000,TU6789B,3,4
369,Deni,Torres,42000.000000,TU6789B,3,4
370,Ingrim,Domínguez,30000.000000,TU6789B,3,4
371,Franni,Vázquez,42000.000000,TU6789B,3,4
372,Andy,Ramos,37000.000000,TU6789B,3,4
373,Veronica,González,42000.000000,TU6789B,3,4
374,Dalis,Muñoz,42000.000000,TU6789B,3,4
375,Nanni,Rojas,25000.000000,BA2491A,3,4
376,Vikky,Díaz,15000.000000,BA2491A,3,4
377,Hussein,Pérez,25000.000000,BA2491A,3,4
378,Brigg,Soto,10000.000000,BA2491A,3,4
379,Crawford,Contreras,12000.000000,BA2491A,3,4
380,Fran,Silva,30000.000000,BA2491A,3,4
381,Silas,Martínez,15000.000000,BA2491A,3,4
382,Alister,Sepúlveda,33000.000000,BA2491A,3,4
383,George,Morales,15000.000000,TU6789B,3,4
384,Nonnah,Rodríguez,25000.000000,TU6789B,3,4
385,Gayel,López,20000.000000,TU6789B,3,4
386,Demeter,Fuentes,10000.000000,TU6789B,3,4
387,Juliann,Hernández,50000.000000,TU6789B,3,4
388,Shauna,Torres,25000.000000,TU6789B,3,4
389,Anna-maria,Araya,42000.000000,TU6789B,3,4
390,Ag,Flores,50000.000000,TU6789B,3,4
391,Sherwin,Espinoza,50000.000000,MM0987B,2,5
392,Vikki,Valenzuela,33000.000000,MM0987B,2,5
393,Barret,Castillo,10000.000000,MM0987B,2,5
394,Gaelan,Tapia,25000.000000,MM0987B,2,5
395,Livy,Reyes,20000.000000,MM0987B,2,5
396,Iorgos,Gutiérrez,18000.000000,MM0987B,2,5
397,Charil,Castro,33000.000000,MM0987B,2,5
398,Easter,Pizarro,30000.000000,MM0987B,2,5
399,Esdras,Álvarez,37000.000000,MM0987B,2,5
400,Prince,Vásquez,25000.000000,MM0987B,3,5
401,Vail,Sánchez,33000.000000,MM0987B,3,5
402,Rachel,Fernández,12000.000000,MM0987B,3,5
403,Bar,Ramírez,20000.000000,TU6789B,3,4
404,Willa,Carrasco,30000.000000,TU6789B,3,4
405,Amerigo,Gómez,33000.000000,TU6789B,3,4
406,Fredric,Cortés,50000.000000,TU6789B,3,4
407,Mikael,Herrera,50000.000000,TU6789B,3,4
408,Benson,Núñez,20000.000000,TU6789B,3,4
409,Sileas,Jara,20000.000000,TU6789B,3,4
410,Fidelia,Vergara,12000.000000,TU6789B,3,4
411,Frayda,Rivera,30000.000000,TU6789B,3,4
412,Babita,Figueroa,30000.000000,TU6789B,3,4
413,Clair,Riquelme,42000.000000,TU6789B,3,4
414,Morie,García,12000.000000,TU6789B,3,4
415,Skylar,Miranda,20000.000000,TU6789B,3,4
416,Dennie,Bravo,42000.000000,TU6789B,3,4
417,Sibley,Vera,20000.000000,TU6789B,3,4
418,Addia,Molina,20000.000000,TU6789B,3,4
419,Ed,Vega,18000.000000,TU6789B,3,4
420,Lothaire,Campos,12000.000000,TU6789B,3,4
421,Neila,Sandoval,15000.000000,TU6789B,3,4
422,Jennifer,Orellana,15000.000000,GU2345F,1,6
423,Keelby,Cárdenas,15000.000000,GU2345F,1,6
424,Chuck,Olivares,33000.000000,GU2345F,1,6
425,Jordan,Alarcón,33000.000000,GU2345F,1,6
426,Minnnie,Gallardo,20000.000000,GU2345F,1,6
427,Carine,Ortiz,33000.000000,GU2345F,1,6
428,Kelly,Garrido,37000.000000,GU2345F,1,6
429,Coleman,Salazar,25000.000000,GU2345F,1,6
430,Pincus,Guzmán,42000.000000,GU2345F,1,6
431,Smitty,Henríquez,15000.000000,GU2345F,1,6
432,Wade,Saavedra,12000.000000,GU2345F,1,6
433,Emmit,Navarro,12000.000000,GU2345F,1,6
434,Brietta,Aguilera,42000.000000,GU2345F,1,6
435,Wesley,Parra,10000.000000,GU2345F,1,6
436,Felicdad,Romero,18000.000000,GU2345F,1,6
437,Any,Aravena,18000.000000,GU2345F,1,6
438,Gardie,Vargas,12000.000000,GU2345F,1,6
439,Leelah,Vázquez,25000.000000,GU2345F,1,6
440,Garold,Cáceres,20000.000000,GU2345F,1,6
441,Regine,Yáñez,10000.000000,GU2345F,1,6
442,Tam,Leiva,20000.000000,GU2345F,2,6
443,Davon,Escobar,20000.000000,GU2345F,2,6
444,Chrissy,Ruiz,18000.000000,GU2345F,2,6
445,Ozzie,Valdés,20000.000000,GU2345F,2,6
446,Rina,Vidal,20000.000000,GU2345F,2,6
447,Guy,Salinas,42000.000000,GU2345F,2,6
448,Lenora,Zúñiga,18000.000000,GU2345F,2,6
449,Julietta,Peña,42000.000000,GU2345F,2,6
450,Alexandr,Godoy,18000.000000,GU2345F,2,6
451,Margalit,Lagos,15000.000000,GU2345F,2,6
452,Samara,Maldonado,50000.000000,GU2345F,2,6
453,Portie,Bustos,15000.000000,GU2345F,2,6
454,Korella,Medina,33000.000000,GU2345F,2,6
455,Hilly,Pino,30000.000000,GU2345F,2,6
456,Leeanne,Palma,10000.000000,GU2345F,2,6
457,Arnaldo,Moreno,10000.000000,GU2345F,2,6
458,Kassi,Sanhueza,37000.000000,GU2345F,2,6
459,Karen,Carvajal,20000.000000,GU2345F,2,6
460,Mac,Navarrete,20000.000000,GU2345F,2,6
461,Anthia,Sáez,37000.000000,GU2345F,2,6
462,Marsiella,Alvarado,20000.000000,GU2345F,2,6
463,Shea,Donoso,12000.000000,GU2345F,2,6
464,Liana,Poblete,15000.000000,GU2345F,2,6
465,Carley,Bustamante,12000.000000,GU2345F,2,6
466,Carlye,Toro,37000.000000,GU2345F,2,6
467,Svend,Ortega,25000.000000,GU2345F,2,6
468,Kendell,Venegas,25000.000000,GU2345F,2,6
469,Chrisy,Guerrero,15000.000000,GU2345F,2,6
470,Rod,Mendoza,50000.000000,GU2345F,2,6
471,Ramsay,Farías,20000.000000,GU2345F,2,6
472,Saidee,San Martín,50000.000000,GU2345F,2,6
473,Erek,González,10000.000000,GU2345F,2,6
474,Salomi,Fernández,10000.000000,GU2345F,2,6
475,Coletta,Rodríguez,50000.000000,GU2345F,2,6
476,Abigael,López,12000.000000,GU2345F,2,6
477,Mariele,Martínez,33000.000000,GU2345F,3,6
478,Brooke,Sánchez,20000.000000,GU2345F,3,6
479,Benita,Pérez,25000.000000,GU2345F,3,6
480,Marissa,Gómez,37000.000000,GU2345F,3,6
481,Lionello,Martín,37000.000000,GU2345F,3,6
482,Tori,Jiménez,42000.000000,GU2345F,3,6
483,Micheil,Ruiz,37000.000000,GU2345F,3,6
484,Kym,Hernández,20000.000000,GU2345F,3,6
485,Melisse,Díaz,10000.000000,GU2345F,3,6
486,Bartholomew,Moreno,33000.000000,GU2345F,3,6
487,Rorie,Álvarez,25000.000000,GU2345F,3,6
488,Hedvige,Muñoz,37000.000000,GU2345F,3,6
489,Dorothea,Romero,15000.000000,GU2345F,3,6
490,Tamarah,Alonso,50000.000000,GU2345F,3,6
491,Skipton,Gutiérrez,10000.000000,GU2345F,3,6
492,Minny,Navarro,33000.000000,GU2345F,3,6
493,Joshia,Torres,33000.000000,GU2345F,3,6
494,Mirilla,Domínguez,30000.000000,GU2345F,3,6
495,Willey,Vázquez,15000.000000,GU2345F,3,6
496,Conrado,Ramos,50000.000000,GU2345F,3,6
497,Fredia,González,30000.000000,GU2345F,3,6
498,Gretchen,Muñoz,12000.000000,GU2345F,3,6
499,Bibbie,Rojas,37000.000000,GU2345F,3,6
500,Warren,Díaz,25000.000000,GU2345F,3,6
501,Gabi,Pérez,30000.000000,GU2345F,3,6
502,Callie,Soto,50000.000000,GU2345F,3,6
503,Patton,Contreras,15000.000000,GU2345F,3,6
504,Karie,Silva,25000.000000,GU2345F,3,6
505,Martguerita,Martínez,50000.000000,GU2345F,3,6
506,Lothaire,Sepúlveda,20000.000000,GU2345F,3,6
507,Patrice,Morales,37000.000000,GU2345F,3,6
508,Lin,Rodríguez,12000.000000,MM0987B,3,5
509,Cornie,López,42000.000000,MM0987B,3,5
510,Irena,Fuentes,20000.000000,MM0987B,3,5
511,Markos,Hernández,20000.000000,MM0987B,3,5
512,Bird,Torres,18000.000000,MM0987B,3,5
513,Lorna,Araya,42000.000000,MM0987B,3,5
514,Vincents,Flores,25000.000000,MM0987B,3,5
515,Torrey,Espinoza,42000.000000,GU2345F,3,6
516,Pernell,Valenzuela,50000.000000,GU2345F,3,6
517,Danya,Castillo,25000.000000,GU2345F,3,6
518,Erda,Tapia,37000.000000,GU2345F,3,6
519,Ethe,Reyes,20000.000000,GU2345F,3,6
520,Coop,Gutiérrez,37000.000000,GU2345F,3,6
521,Sheridan,Castro,50000.000000,GU2345F,3,6
522,Charles,Pizarro,42000.000000,GU2345F,3,6
523,Eddy,Álvarez,12000.000000,GU2345F,3,6
524,Janey,Vásquez,42000.000000,GU2345F,3,6
525,Edan,Sánchez,20000.000000,GU2345F,3,6
526,Homer,Fernández,10000.000000,GU2345F,3,6
527,Eveline,Ramírez,37000.000000,GU2345F,3,6
528,Helen-elizabeth,Carrasco,20000.000000,GU2345F,3,6
529,Daveta,Gómez,20000.000000,GU2345F,3,6
530,Mort,Cortés,42000.000000,GU2345F,3,6
531,Maxi,Herrera,37000.000000,GU2345F,3,6
532,Nathalie,Núñez,37000.000000,GU2345F,3,6
533,Dennison,Jara,25000.000000,GU2345F,3,6
534,Bunnie,Vergara,33000.000000,GU2345F,3,6
535,Frans,Rivera,33000.000000,BA2491A,3,4
536,Delmar,Figueroa,42000.000000,BA2491A,3,4
537,Ced,Riquelme,20000.000000,BA2491A,3,4
538,Caren,García,12000.000000,BA2491A,3,4
539,Christie,Miranda,18000.000000,BA2491A,3,4
540,Saunders,Bravo,25000.000000,BA2491A,3,4
541,Deny,Vera,18000.000000,GU2345F,3,6
542,Gene,Molina,15000.000000,GU2345F,3,6
543,Margeaux,Vega,18000.000000,GU2345F,3,6
544,Prisca,Campos,18000.000000,GU2345F,3,6
545,Domini,Sandoval,18000.000000,GU2345F,3,6
546,Henrie,Orellana,50000.000000,GU2345F,3,6
547,Marj,Cárdenas,18000.000000,GU2345F,3,6
548,Mab,Olivares,25000.000000,GU2345F,3,6
549,Josiah,Alarcón,12000.000000,GU2345F,3,6
550,Mathe,Gallardo,12000.000000,GU2345F,3,6
551,Gauthier,Ortiz,12000.000000,GU2345F,3,6
552,Delmore,Garrido,33000.000000,GU2345F,3,6
553,Lynett,Salazar,37000.000000,GU2345F,3,6
554,Lucais,Guzmán,42000.000000,GU2345F,3,6
555,Clarice,Henríquez,33000.000000,GU2345F,3,6
556,Aeriela,Saavedra,37000.000000,GU2345F,3,6
557,Babbie,Navarro,15000.000000,GU2345F,3,6
558,Caren,Aguilera,15000.000000,GU2345F,3,6
559,Jessamine,Parra,18000.000000,GU2345F,3,6
560,Hesther,Romero,15000.000000,GU2345F,3,6
561,Sasha,Aravena,15000.000000,GU2345F,3,6
562,Erica,Vargas,10000.000000,GU2345F,3,6
563,Keith,Vázquez,10000.000000,GU2345F,3,6
564,Briney,Cáceres,12000.000000,GU2345F,3,6
565,Rutherford,Yáñez,15000.000000,GU2345F,3,6
566,Lemmie,Leiva,18000.000000,GU2345F,3,6
567,Dur,Escobar,25000.000000,GU2345F,3,6
568,Modesta,Ruiz,33000.000000,GU2345F,3,6
569,Carter,Valdés,33000.000000,GU2345F,3,6
570,Retha,Vidal,15000.000000,GU2345F,3,6
571,Carma,Salinas,33000.000000,GU2345F,3,6
572,Antonella,Zúñiga,15000.000000,GU2345F,3,6
573,Sutherlan,Peña,10000.000000,GU2345F,3,6
574,Phillipe,Godoy,37000.000000,GU2345F,3,6
575,Florida,Lagos,37000.000000,HY4567D,1,0
576,Corrina,Maldonado,15000.000000,HY4567D,1,0
577,Adrianne,Bustos,10000.000000,HY4567D,1,0
578,Scarlett,Medina,20000.000000,HY4567D,1,0
579,Shel,Pino,25000.000000,HY4567D,1,0
580,Delaney,Palma,50000.000000,HY4567D,1,0
581,Tiphani,Moreno,33000.000000,HY4567D,1,0
582,Grier,Sanhueza,42000.000000,HY4567D,1,0
583,Annabell,Carvajal,15000.000000,HY4567D,1,0
584,Basil,Navarrete,12000.000000,HY4567D,1,0
585,Horatius,Sáez,18000.000000,HY4567D,1,0
586,Umeko,Alvarado,30000.000000,HY4567D,1,0
587,Hayes,Donoso,10000.000000,HY4567D,1,0
588,Lynnette,Poblete,37000.000000,HY4567D,1,0
589,Hesther,Bustamante,33000.000000,HY4567D,1,0
590,Trumaine,Toro,15000.000000,HY4567D,1,0
591,Emlyn,Ortega,50000.000000,HY4567D,1,0
592,Corabelle,Venegas,37000.000000,HY4567D,1,0
593,Vic,Guerrero,25000.000000,HY4567D,1,0
594,Cyndia,Mendoza,33000.000000,HY4567D,1,0
595,Gray,Farías,42000.000000,HY4567D,1,0
596,Dylan,San Martín,30000.000000,HY4567D,1,0
597,Isabelle,González,20000.000000,HY4567D,1,0
598,Eachelle,Fernández,37000.000000,HY4567D,1,0
599,Howard,Rodríguez,18000.000000,HY4567D,1,0
600,Cornall,López,18000.000000,HY4567D,1,0
601,Emmalee,Martínez,18000.000000,HY4567D,1,0
602,Brian,Sánchez,20000.000000,HY4567D,1,0
603,Cahra,Pérez,50000.000000,HY4567D,2,0
604,Arvin,Gómez,50000.000000,HY4567D,2,0
605,Minda,Martín,15000.000000,HY4567D,2,0
606,Dedie,Jiménez,33000.000000,HY4567D,2,0
607,Lydia,Ruiz,15000.000000,HY4567D,2,0
608,Joshia,Hernández,25000.000000,HY4567D,2,0
609,Bernita,Díaz,15000.000000,HY4567D,2,0
610,Sayre,Moreno,33000.000000,HY4567D,2,0
611,Pearla,Álvarez,20000.000000,HY4567D,2,0
612,Fidole,Muñoz,30000.000000,HY4567D,2,0
613,Evin,Romero,12000.000000,HY4567D,2,0
614,Fredia,Alonso,20000.000000,HY4567D,2,0
615,Idalina,Gutiérrez,50000.000000,HY4567D,2,0
616,Hetti,Navarro,30000.000000,HY4567D,2,0
617,Kirk,Torres,30000.000000,HY4567D,2,0
618,Orson,Domínguez,25000.000000,HY4567D,2,0
619,Lyndsay,Vázquez,42000.000000,HY4567D,2,0
620,Lissy,Ramos,37000.000000,HY4567D,2,0
621,Odessa,González,50000.000000,HY4567D,2,0
622,Hestia,Muñoz,18000.000000,HY4567D,2,0
623,Dorotea,Rojas,10000.000000,HY4567D,2,0
624,Giraud,Díaz,15000.000000,HY4567D,2,0
625,Tonya,Pérez,37000.000000,HY4567D,2,0
626,Menard,Soto,37000.000000,HY4567D,2,0
627,Nicola,Contreras,12000.000000,HY4567D,2,0
628,Maddy,Silva,25000.000000,HY4567D,2,0
629,Mace,Martínez,18000.000000,HY4567D,2,0
630,Lyndy,Sepúlveda,37000.000000,HY4567D,2,0
631,Ivonne,Morales,20000.000000,HY4567D,2,0
632,Josepha,Rodríguez,20000.000000,HY4567D,3,0
633,Shandra,López,50000.000000,HY4567D,3,0
634,Viva,Fuentes,25000.000000,HY4567D,3,0
635,Sherwin,Hernández,10000.000000,HY4567D,3,0
636,Abigail,Torres,18000.000000,HY4567D,3,0
637,Rosalia,Araya,18000.000000,HY4567D,3,0
638,Merissa,Flores,25000.000000,HY4567D,3,0
639,Marylee,Espinoza,50000.000000,HY4567D,3,0
640,Wolfy,Valenzuela,33000.000000,HY4567D,3,0
641,Maia,Castillo,10000.000000,HY4567D,3,0
642,Elinor,Tapia,33000.000000,HY4567D,3,0
643,Neron,Reyes,42000.000000,HY4567D,3,0
644,Malachi,Gutiérrez,25000.000000,HY4567D,3,0
645,Sarajane,Castro,10000.000000,HY4567D,3,0
646,Arlie,Pizarro,42000.000000,HY4567D,3,0
647,Felike,Álvarez,12000.000000,HY4567D,3,0
648,Ethan,Vásquez,12000.000000,HY4567D,3,0
649,Ruthy,Sánchez,20000.000000,HY4567D,3,0
650,Hugo,Fernández,30000.000000,HY4567D,3,0
651,Thorndike,Ramírez,10000.000000,HY4567D,3,0
652,Cesaro,Carrasco,30000.000000,HY4567D,3,0
653,Harmonia,Gómez,12000.000000,HY4567D,3,0
654,Damara,Cortés,12000.000000,HY4567D,3,0
655,Maddy,Herrera,25000.000000,HY4567D,3,0
656,Filmer,Núñez,50000.000000,HY4567D,3,0
657,Boothe,Jara,12000.000000,HY4567D,3,0
658,Dorrie,Vergara,42000.000000,HY4567D,3,0
659,Willdon,Rivera,10000.000000,HY4567D,3,0
660,Cindi,Figueroa,12000.000000,HY4567D,3,0
661,Shermie,Riquelme,12000.000000,HY4567D,3,0
662,Byrom,García,42000.000000,HY4567D,3,0
663,Millie,Miranda,15000.000000,HY4567D,3,0
664,Natassia,Bravo,42000.000000,HY4567D,3,0
665,Wheeler,Vera,25000.000000,HY4567D,3,0
666,Caritta,Molina,12000.000000,HY4567D,3,0
667,Kennan,Vega,12000.000000,HY4567D,3,0
668,Katina,Campos,20000.000000,HY4567D,3,0
669,Beverlee,Sandoval,25000.000000,HY4567D,3,0
670,Arlette,Orellana,30000.000000,HY4567D,3,0
671,Jacqueline,Cárdenas,50000.000000,HY4567D,3,0
672,Sheila-kathryn,Olivares,10000.000000,HY4567D,3,0
673,Lambert,Alarcón,42000.000000,HY4567D,3,0
674,Lamont,Gallardo,33000.000000,HY4567D,3,0
675,Immanuel,Ortiz,33000.000000,HY4567D,3,0
676,Nani,Garrido,50000.000000,HY4567D,3,0
677,Galen,Salazar,50000.000000,HY4567D,3,0
678,Nilson,Guzmán,10000.000000,HY4567D,3,0
679,Tomi,Henríquez,50000.000000,HY4567D,3,0
680,Flore,Saavedra,30000.000000,HY4567D,3,0
681,Burgess,Navarro,12000.000000,HY4567D,3,0
682,Tally,Aguilera,42000.000000,HY4567D,3,0
683,Jaquenette,Parra,25000.000000,HY4567D,3,0
684,Sly,Romero,42000.000000,HY4567D,3,0
685,Yul,Aravena,30000.000000,HY4567D,3,0
686,Rosalyn,Vargas,37000.000000,HY4567D,3,0
687,Devondra,Vázquez,10000.000000,HY4567D,3,0
688,Xenos,Cáceres,37000.000000,HY4567D,3,0
689,Terrence,Yáñez,42000.000000,HY4567D,3,0
690,Krystyna,Leiva,50000.000000,HY4567D,3,0
691,Krishna,Escobar,50000.000000,HY4567D,3,0
692,Zorina,Ruiz,18000.000000,HY4567D,3,0
693,Baxy,Valdés,20000.000000,HY4567D,3,0
694,Terrie,Vidal,42000.000000,HY4567D,3,0
695,Justino,Salinas,18000.000000,HY4567D,3,0
696,Erhard,Zúñiga,33000.000000,HY4567D,3,0
697,Robbie,Peña,30000.000000,HY4567D,3,0
698,Paddie,Godoy,33000.000000,HY4567D,3,0
699,Evelyn,Lagos,10000.000000,HY4567D,3,0
700,Abbot,Maldonado,33000.000000,HY4567D,3,0
701,Tedra,Bustos,33000.000000,HY4567D,3,0
702,Rikki,Medina,12000.000000,HY4567D,3,0
703,Alverta,Pino,25000.000000,HY4567D,3,0
704,Pauly,Palma,30000.000000,HY4567D,3,0
705,Ariella,Moreno,12000.000000,HY4567D,3,0
706,Lia,Sanhueza,20000.000000,HY4567D,3,0
707,Petronille,Carvajal,42000.000000,HY4567D,3,0
708,Merle,Navarrete,10000.000000,HY4567D,3,0
709,Hagan,Sáez,50000.000000,HY4567D,3,0
710,Nikolaus,Alvarado,30000.000000,HY4567D,3,0
711,Cinda,Donoso,42000.000000,HY4567D,3,0
712,Matelda,Poblete,18000.000000,HY4567D,3,0
713,Roslyn,Bustamante,25000.000000,HY4567D,3,0
714,Jerrylee,Toro,10000.000000,HY4567D,3,0
715,Lucky,Ortega,42000.000000,IB0800A,3,4
716,Elita,Venegas,18000.000000,IB0800A,3,4
717,Hyacinthia,Guerrero,25000.000000,IB0800A,3,4
718,Fina,Mendoza,42000.000000,IB0800A,3,4
719,Kamila,Farías,42000.000000,IB0800A,3,4
720,Jennie,San Martín,42000.000000,IB0800A,3,4
721,Riobard,González,42000.000000,IB0800A,3,4
722,Joannes,Fernández,10000.000000,IB0800A,3,4
723,Darlene,Rodríguez,42000.000000,IB0800A,3,4
724,Zia,López,42000.000000,IB0800A,3,4
725,Cristina,Martínez,15000.000000,IB0800A,3,4
726,Jonathon,Sánchez,50000.000000,IB0800A,3,4
727,Rickie,Pérez,42000.000000,IB0800A,3,4
728,Klara,Gómez,50000.000000,IB0800A,3,4
729,Osbert,Martín,33000.000000,IB0800A,3,4
730,Emmet,Jiménez,37000.000000,IB0800A,3,4
731,Cassandry,Ruiz,33000.000000,IB0800A,3,4
732,Enrica,Hernández,18000.000000,IB0800A,3,4
733,Evvy,Díaz,42000.000000,IB0800A,3,4
734,Silas,Moreno,20000.000000,IB0800A,3,4
735,Kaia,Álvarez,25000.000000,IB0800A,3,4
736,Arvie,Muñoz,15000.000000,IB0800A,3,4
737,Keith,Romero,20000.000000,FR5678G,1,5
738,Silvie,Alonso,12000.000000,FR5678G,1,5
739,Winnifred,Gutiérrez,10000.000000,FR5678G,1,5
740,Chen,Navarro,37000.000000,FR5678G,1,5
741,Carleton,Torres,15000.000000,FR5678G,1,5
742,Silvano,Domínguez,12000.000000,FR5678G,1,5
743,Pancho,Vázquez,18000.000000,FR5678G,1,5
744,Melonie,Ramos,33000.000000,FR5678G,1,5
745,Gordon,González,12000.000000,FR5678G,1,5
746,Rosemarie,Muñoz,10000.000000,FR5678G,1,5
747,Graehme,Rojas,18000.000000,FR5678G,1,5
748,Mitchael,Díaz,33000.000000,FR5678G,1,5
749,Carola,Pérez,10000.000000,FR5678G,1,5
750,Zsa zsa,Soto,20000.000000,FR5678G,1,5
751,Jude,Contreras,12000.000000,FR5678G,1,5
752,Arch,Silva,33000.000000,FR5678G,1,5
753,Andrej,Martínez,50000.000000,FR5678G,1,5
754,Amber,Sepúlveda,42000.000000,FR5678G,1,5
755,Dorian,Morales,15000.000000,FR5678G,1,5
756,Kaitlynn,Rodríguez,15000.000000,FR5678G,1,5
757,Kerianne,López,37000.000000,FR5678G,1,5
758,Boycie,Fuentes,18000.000000,FR5678G,1,5
759,Nanete,Hernández,37000.000000,FR5678G,1,5
760,Sidonia,Torres,10000.000000,FR5678G,1,5
761,Galvan,Araya,33000.000000,FR5678G,1,5
762,Lucienne,Flores,25000.000000,FR5678G,1,5
763,Davidson,Espinoza,37000.000000,FR5678G,1,5
764,Roslyn,Valenzuela,10000.000000,FR5678G,1,5
765,Jenny,Castillo,33000.000000,FR5678G,2,5
766,Toby,Tapia,20000.000000,FR5678G,2,5
767,Brynne,Reyes,18000.000000,FR5678G,2,5
768,Blakeley,Gutiérrez,18000.000000,FR5678G,2,5
769,Egan,Castro,10000.000000,FR5678G,2,5
770,Barbey,Pizarro,20000.000000,FR5678G,2,5
771,Portia,Álvarez,33000.000000,FR5678G,2,5
772,Alica,Vásquez,37000.000000,FR5678G,2,5
773,Juliana,Sánchez,50000.000000,FR5678G,2,5
774,Barde,Fernández,18000.000000,FR5678G,2,5
775,Wilie,Ramírez,30000.000000,FR5678G,2,5
776,Letta,Carrasco,10000.000000,FR5678G,2,5
777,Ree,Gómez,42000.000000,FR5678G,2,5
778,Ingmar,Cortés,18000.000000,FR5678G,2,5
779,Melva,Herrera,42000.000000,FR5678G,2,5
780,Tootsie,Núñez,25000.000000,FR5678G,2,5
781,Felike,Jara,33000.000000,FR5678G,2,5
782,Laughton,Vergara,15000.000000,FR5678G,2,5
783,Crosby,Rivera,12000.000000,FR5678G,2,5
784,Marianne,Figueroa,33000.000000,FR5678G,2,5
785,Francine,Riquelme,42000.000000,FR5678G,2,5
786,Edan,García,50000.000000,FR5678G,2,5
787,Fayre,Miranda,18000.000000,FR5678G,2,5
788,Adelaida,Bravo,37000.000000,FR5678G,2,5
789,Florella,Vera,25000.000000,FR5678G,2,5
790,Noll,Molina,30000.000000,FR5678G,2,5
791,Ki,Vega,42000.000000,FR5678G,2,5
792,Jermayne,Campos,33000.000000,FR5678G,2,5
793,Grayce,Sandoval,33000.000000,FR5678G,2,5
794,Harv,Orellana,42000.000000,FR5678G,2,5
795,Lorianna,Cárdenas,15000.000000,FR5678G,2,5
796,Hersh,Olivares,33000.000000,FR5678G,2,5
797,Diahann,Alarcón,33000.000000,FR5678G,2,5
798,Yelena,Gallardo,50000.000000,FR5678G,2,5
799,Emmaline,Ortiz,37000.000000,FR5678G,2,5
800,Daffi,Garrido,12000.000000,FR5678G,2,5
801,Janine,Salazar,50000.000000,FR5678G,2,5
802,Sheilah,Guzmán,42000.000000,FR5678G,2,5
803,Lazaro,Henríquez,10000.000000,FR5678G,2,5
804,Earle,Saavedra,30000.000000,FR5678G,2,5
805,Fred,Navarro,25000.000000,FR5678G,3,5
806,Almira,Aguilera,42000.000000,FR5678G,3,5
807,Wini,Parra,37000.000000,FR5678G,3,5
808,Emanuel,Romero,30000.000000,FR5678G,3,5
809,Obadias,Aravena,10000.000000,FR5678G,3,5
810,Efrem,Vargas,20000.000000,FR5678G,3,5
811,Susi,Vázquez,18000.000000,FR5678G,3,5
812,Maxy,Cáceres,15000.000000,FR5678G,3,5
813,Agnes,Yáñez,42000.000000,FR5678G,3,5
814,Obadiah,Leiva,12000.000000,FR5678G,3,5
815,Lefty,Escobar,50000.000000,FR5678G,3,5
816,Michele,Ruiz,42000.000000,FR5678G,3,5
817,Cynthia,Valdés,25000.000000,FR5678G,3,5
818,Hyatt,Vidal,20000.000000,FR5678G,3,5
819,Roch,Salinas,33000.000000,FR5678G,3,5
820,Mag,Zúñiga,12000.000000,FR5678G,3,5
821,Trevor,Peña,10000.000000,FR5678G,3,5
822,Jefferey,Godoy,10000.000000,FR5678G,3,5
823,Tania,Lagos,42000.000000,FR5678G,3,5
824,Mercie,Maldonado,42000.000000,FR5678G,3,5
825,Andrei,Bustos,10000.000000,FR5678G,3,5
826,Yetta,Medina,25000.000000,FR5678G,3,5
827,Angeli,Pino,20000.000000,FR5678G,3,5
828,Norbert,Palma,20000.000000,FR5678G,3,5
829,Conan,Moreno,20000.000000,FR5678G,3,5
830,Cale,Sanhueza,50000.000000,FR5678G,3,5
831,Christina,Carvajal,37000.000000,FR5678G,3,5
832,Olivier,Navarrete,20000.000000,FR5678G,3,5
833,Oby,Sáez,12000.000000,FR5678G,3,5
834,Chad,Alvarado,15000.000000,FR5678G,3,5
835,Adelle,Donoso,10000.000000,FR5678G,3,5
836,Keene,Poblete,25000.000000,FR5678G,3,5
837,Corrina,Bustamante,50000.000000,FR5678G,3,5
838,Hashim,Toro,50000.000000,FR5678G,3,5
839,Oralia,Ortega,10000.000000,FR5678G,3,5
840,Wadsworth,Venegas,30000.000000,FR5678G,3,5
841,Shelley,Guerrero,15000.000000,FR5678G,3,5
842,Irv,Mendoza,15000.000000,FR5678G,3,5
843,Grant,Farías,33000.000000,FR5678G,3,5
844,Bella,San Martín,18000.000000,FR5678G,3,5
845,Yardley,González,50000.000000,FR5678G,3,5
846,Brendin,Fernández,10000.000000,FR5678G,3,5
847,Estella,Rodríguez,42000.000000,FR5678G,3,5
848,Rasia,López,37000.000000,FR5678G,3,5
849,Gibb,Martínez,20000.000000,FR5678G,3,5
850,Amanda,Sánchez,37000.000000,FR5678G,3,5
851,Sidoney,Pérez,20000.000000,FR5678G,3,5
852,Giacopo,Gómez,18000.000000,FR5678G,3,5
853,Eve,Martín,12000.000000,FR5678G,3,5
854,Levon,Jiménez,25000.000000,FR5678G,3,5
855,Vassili,Ruiz,33000.000000,FR5678G,3,5
856,Henrieta,Hernández,30000.000000,FR5678G,3,5
857,Devlen,Díaz,37000.000000,FR5678G,3,5
858,Ophelie,Moreno,37000.000000,FR5678G,3,5
859,Abramo,Álvarez,37000.000000,FR5678G,3,5
860,Fair,Muñoz,37000.000000,FR5678G,3,5
861,Pietrek,Romero,25000.000000,FR5678G,3,5
862,Holden,Alonso,50000.000000,FR5678G,3,5
863,Cherish,Gutiérrez,42000.000000,FR5678G,3,5
864,Alonzo,Navarro,12000.000000,FR5678G,3,5
865,Devonna,Torres,18000.000000,FR5678G,3,5
866,Rubi,Domínguez,18000.000000,FR5678G,3,5
867,Emmanuel,Vázquez,30000.000000,FR5678G,3,5
868,Trumaine,Ramos,42000.000000,FR5678G,3,5
869,Malory,González,42000.000000,FR5678G,3,5
870,Pearla,Muñoz,33000.000000,FR5678G,3,5
871,Phelia,Rojas,33000.000000,FR5678G,3,5
872,Madonna,Díaz,10000.000000,FR5678G,3,5
873,Thomasa,Pérez,18000.000000,FR5678G,3,5
874,Estella,Soto,20000.000000,FR5678G,3,5
875,Saw,Contreras,15000.000000,FR5678G,3,5
876,Cecil,Silva,37000.000000,FR5678G,3,5
877,Mac,Martínez,25000.000000,FR5678G,3,5
878,Ralf,Sepúlveda,12000.000000,FR5678G,3,5
879,Barbey,Morales,12000.000000,FR5678G,3,5
880,Josi,Rodríguez,18000.000000,FR5678G,3,5
881,Kenna,López,25000.000000,FR5678G,3,5
882,Rina,Fuentes,25000.000000,FR5678G,3,5
883,Callida,Hernández,33000.000000,FR5678G,3,5
884,Lona,Torres,30000.000000,FR5678G,3,5
885,Jan,Araya,18000.000000,FR5678G,3,5
886,Bailey,Flores,30000.000000,FR5678G,3,5
887,Guillermo,Espinoza,42000.000000,FR5678G,3,5
888,Katlin,Valenzuela,25000.000000,FR5678G,3,5
889,Flo,Castillo,42000.000000,FR5678G,3,5
890,Madel,Tapia,12000.000000,FR5678G,3,5
891,Conant,Reyes,37000.000000,FR5678G,3,5
892,Devland,Gutiérrez,10000.000000,FR5678G,3,5
893,Annamarie,Castro,20000.000000,FR5678G,3,5
894,Gabbie,Pizarro,42000.000000,FR5678G,3,5
895,Frasquito,Álvarez,15000.000000,FR5678G,3,5
896,Oberon,Vásquez,15000.000000,FR5678G,3,5
897,Gabriell,Sánchez,10000.000000,FR5678G,3,5
898,Ki,Fernández,30000.000000,BR3456J,1,0
899,Martelle,Ramírez,15000.000000,BR3456J,1,0
900,Riccardo,Carrasco,42000.000000,BR3456J,1,0
901,Shaughn,Gómez,50000.000000,BR3456J,1,0
902,Coral,Cortés,18000.000000,BR3456J,1,0
903,Judas,Herrera,10000.000000,BR3456J,1,0
904,Josiah,Núñez,12000.000000,BR3456J,1,0
905,Freda,Jara,42000.000000,BR3456J,1,0
906,Lynn,Vergara,37000.000000,BR3456J,2,0
907,Tabb,Rivera,50000.000000,BR3456J,2,0
908,Brittany,Figueroa,18000.000000,MM0987B,3,5
909,Leo,Riquelme,42000.000000,MM0987B,3,5
910,Atlante,García,33000.000000,MM0987B,3,5
911,Maurie,Miranda,50000.000000,MM0987B,3,5
912,Oren,Bravo,20000.000000,MM0987B,3,5
913,Anetta,Vera,10000.000000,MM0987B,3,5
914,Curry,Molina,20000.000000,MM0987B,3,5
915,Tyrone,Vega,15000.000000,MM0987B,3,5
916,Saunder,Campos,37000.000000,MM0987B,3,5
917,Luis,Sandoval,12000.000000,MM0987B,3,5
918,Alysia,Orellana,37000.000000,MM0987B,3,5
919,Calypso,Cárdenas,12000.000000,BR3456J,2,0
920,Gretna,Olivares,42000.000000,BR3456J,2,0
921,Odie,Alarcón,20000.000000,BR3456J,2,0
922,Wenda,Gallardo,12000.000000,BR3456J,2,0
923,Ezekiel,Ortiz,20000.000000,BR3456J,2,0
924,Orlan,Garrido,25000.000000,BR3456J,2,0
925,Wittie,Salazar,37000.000000,BR3456J,2,0
926,Abbie,Guzmán,18000.000000,BR3456J,3,0
927,Robinia,Henríquez,10000.000000,BR3456J,3,0
928,Hayden,Saavedra,30000.000000,BR3456J,3,0
929,Melody,Navarro,20000.000000,BR3456J,3,0
930,Emory,Aguilera,37000.000000,BR3456J,3,0
931,Callie,Parra,10000.000000,BR3456J,3,0
932,Debby,Romero,18000.000000,IB0800A,3,4
933,Gui,Aravena,20000.000000,IB0800A,3,4
934,Dorette,Vargas,37000.000000,IB0800A,3,4
935,Jillane,Vázquez,37000.000000,IB0800A,3,4
936,Carolina,Cáceres,33000.000000,IB0800A,3,4
937,Randy,Yáñez,15000.000000,IB0800A,3,4
938,Arabel,Leiva,50000.000000,IB0800A,3,4
939,Verina,Escobar,37000.000000,IB0800A,3,4
940,Josefina,Ruiz,30000.000000,IB0800A,3,4
941,Nina,Valdés,25000.000000,IB0800A,3,4
942,Vernen,Vidal,18000.000000,IB0800A,3,4
943,Loria,Salinas,25000.000000,IB0800A,3,4
944,Isabeau,Zúñiga,37000.000000,BA2491A,3,4
945,Cherice,Peña,15000.000000,BR3456J,3,0
946,Kimberley,Godoy,18000.000000,BR3456J,3,0
947,Martyn,Lagos,25000.000000,BR3456J,3,0
948,Agustin,Maldonado,25000.000000,BR3456J,3,0
949,Clerissa,Bustos,15000.000000,BR3456J,3,0
950,Lonna,Medina,10000.000000,BR3456J,3,0
951,Wake,Pino,25000.000000,BR3456J,3,0
952,Edwina,Palma,42000.000000,MM0987B,3,5
953,Lacey,Moreno,50000.000000,MM0987B,3,5
954,Laetitia,Sanhueza,33000.000000,MM0987B,3,5
955,Delila,Carvajal,20000.000000,MM0987B,3,5
956,Sioux,Navarrete,12000.000000,MM0987B,3,5
957,Floyd,Sáez,15000.000000,MM0987B,3,5
958,Trista,Alvarado,50000.000000,BR3456J,3,0
959,Shaughn,Donoso,15000.000000,BR3456J,3,0
960,Zitella,Poblete,42000.000000,BR3456J,3,0
961,Ginnie,Bustamante,15000.000000,BR3456J,3,0
962,Burty,Toro,12000.000000,BR3456J,3,0
963,Arley,Ortega,33000.000000,BR3456J,3,0
964,Ansley,Venegas,37000.000000,BR3456J,3,0
965,Kirstin,Guerrero,12000.000000,BR3456J,3,0
966,Karon,Mendoza,10000.000000,BR3456J,3,0
967,Esme,Farías,37000.000000,BR3456J,3,0
968,Berenice,San Martín,10000.000000,IB0800A,3,4
969,Charlie,González,50000.000000,IB0800A,3,4
970,Noach,Fernández,12000.000000,IB0800A,3,4
971,Mercedes,Rodríguez,12000.000000,IB0800A,3,4
972,Sloan,López,42000.000000,IB0800A,3,4
973,Guglielma,Martínez,15000.000000,IB0800A,3,4
974,Herrick,Sánchez,30000.000000,IB0800A,3,4
975,Aleksandr,Pérez,42000.000000,IB0800A,3,4
976,Arlina,Gómez,33000.000000,IB0800A,3,4
977,Wenonah,Martín,12000.000000,IB0800A,3,4
978,Warner,Jiménez,30000.000000,IB0800A,3,4
979,Libbey,Ruiz,42000.000000,BA2491A,3,4
980,Brana,Hernández,10000.000000,BA2491A,3,4
981,Genevieve,Díaz,20000.000000,BA2491A,3,4
982,Sharai,Moreno,10000.000000,BA2491A,3,4
983,Josi,Álvarez,12000.000000,BA2491A,3,4
984,Pebrook,Muñoz,33000.000000,BA2491A,3,4
985,Erna,Romero,33000.000000,BA2491A,3,4
986,Ferd,Alonso,25000.000000,BA2491A,3,4
987,Mohammed,Gutiérrez,42000.000000,BA2491A,3,4
988,Dawn,Navarro,37000.000000,BA2491A,3,4
989,Wandie,Torres,25000.000000,BA2491A,3,4
990,Chiarra,Domínguez,18000.000000,MM0987B,3,5
991,Zaccaria,Vázquez,33000.000000,MM0987B,3,5
992,Trenna,Ramos,10000.000000,MM0987B,3,5
993,Angelia,Moreno,50000.000000,MM0987B,3,5
994,Raquela,Álvarez,12000.000000,MM0987B,3,5
995,Maxi,Muñoz,18000.000000,MM0987B,3,5
996,Atalanta,Romero,37000.000000,MM0987B,3,5
997,De witt,Alonso,12000.000000,MM0987B,3,5
998,Jaye,Gutiérrez,25000.000000,MM0987B,3,5
999,Tamarra,Navarro,15000.000000,MM0987B,3,5
1000,Saleem,Torres,20000.000000,MM0987B,3,5
